loggingTime,loggingSample,accelerometerTimestamp_sinceReboot,accelerometerAccelerationX,accelerometerAccelerationY,accelerometerAccelerationZ,gyroTimestamp_sinceReboot,gyroRotationX,gyroRotationY,gyroRotationZ
1654828986.599876,1,639278.2252416667,0.0439605712890625,-0.2135772705078125,-0.9860076904296875,639278.1927416667,-0.1207687631249428,-0.02762923017144203,0.04207102209329605
1654828986.639902,2,639278.2589906667,0.0001678466796875,-0.21807861328125,-0.994415283203125,639278.2602406667,-0.01524633076041937,-0.03139840438961983,0.02163152582943439
1654828986.678594,3,639278.2927406667,0.017822265625,-0.212310791015625,-1.002349853515625,639278.2602406667,-0.01524633076041937,-0.03139840438961983,0.02163152582943439
1654828986.700016,4,639278.3264906667,0.033233642578125,-0.21356201171875,-0.9707489013671875,639278.2939906667,0.05402595177292824,0.08969579637050629,-0.01764903403818607
1654828986.735126,5,639278.3602406667,0.04150390625,-0.2115325927734375,-0.9672698974609375,639278.3277406667,0.03446822986006737,0.06022419035434723,-0.02752723172307014
1654828986.770014,6,639278.3939896667,0.0369873046875,-0.21551513671875,-0.9754180908203125,639278.3614906667,-0.01691240444779396,-0.02983432821929455,0.010332265868783
1654828986.80528,7,639278.4277396667,0.0157012939453125,-0.2151641845703125,-0.9804534912109375,639278.3952396667,-0.02769501134753227,-0.04930309951305389,0.0390736311674118
1654828986.838107,8,639278.4614896667,0.0079345703125,-0.2050628662109375,-0.99041748046875,639278.4289896667,0.00418355967849493,0.005780657287687063,0.03338219225406647
1654828986.879222,9,639278.4952386667,0.0186004638671875,-0.20501708984375,-0.9908599853515625,639278.4627396667,0.02310425415635109,0.06303489208221436,0.02031645737588406
1654828986.905091,10,639278.5289886667,0.049407958984375,-0.2249755859375,-0.9891815185546875,639278.4964886667,0.07944715768098831,0.150745302438736,-0.002296443795785308
1654828986.940078,11,639278.5627386667,0.0650634765625,-0.239990234375,-0.950927734375,639278.5639886667,0.08133027702569962,0.1900644749403,0.0113245602697134
1654828986.970042,12,639278.5964876667,0.0578460693359375,-0.231170654296875,-0.9061279296875,639278.5639886667,0.08133027702569962,0.1900644749403,0.0113245602697134
1654828987.005116,13,639278.6302376667,0.0408935546875,-0.211700439453125,-0.9280548095703125,639278.5977376667,-0.09763840585947037,-0.1113334521651268,0.01356081571429968
1654828987.039956,14,639278.6639868751,0.0219268798828125,-0.207763671875,-0.9913177490234375,639278.6314876667,-0.287248283624649,-0.4359520077705383,0.02446353062987328
1654828987.078758,15,639278.697735875,0.0116119384765625,-0.18768310546875,-1.020309448242188,639278.6652368751,-0.3492117822170258,-0.5843020677566528,0.007317834068089724
1654828987.105023,16,639278.7314858751,-0.00616455078125,-0.1761627197265625,-1.02679443359375,639278.698985875,-0.2608174681663513,-0.4772062301635742,-0.009698167443275452
1654828987.140035,17,639278.765235875,-0.0281829833984375,-0.1678466796875,-1.007553100585938,639278.7327358751,-0.1307476311922073,-0.2905197143554688,-0.003716174978762865
1654828987.175036,18,639278.7989858751,-0.05078125,-0.167816162109375,-1.03863525390625,639278.766485875,-0.05357667431235313,-0.1862052977085114,0.006032592616975307
1654828987.210045,19,639278.832734875,-0.0521392822265625,-0.16455078125,-1.04205322265625,639278.8002358751,0.01154480315744877,-0.1258066594600677,-0.004261590540409088
1654828987.240065,20,639278.8664848751,-0.0271759033203125,-0.1815185546875,-1.006973266601562,639278.833984875,0.1283028423786163,-0.02459961920976639,-0.0631808340549469
1654828987.279223,21,639278.900234875,-0.0143890380859375,-0.1906280517578125,-0.96881103515625,639278.8677348751,0.1868361979722977,-0.0001997370854951441,-0.1170384734869003
1654828987.31843,22,639278.9339838751,-0.023529052734375,-0.2004241943359375,-0.9759368896484375,639278.901484875,0.1785809248685837,-0.00686056911945343,-0.0900297611951828
1654828987.344936,23,639278.967733875,-0.0175018310546875,-0.225830078125,-0.9816131591796875,639278.9352338751,0.1979690045118332,0.08552981168031693,-0.02787503972649574
1654828987.375186,24,639279.0014838751,0.00335693359375,-0.2393798828125,-0.9510498046875,639278.968983875,0.2538823485374451,0.2590174376964569,-0.04128379002213478
1654828987.41006,25,639279.035232875,0.023681640625,-0.2456512451171875,-0.9119110107421875,639279.0027338751,0.2525997757911682,0.2986356914043427,-0.07053355127573013
1654828987.445182,26,639279.0689828751,0.0341033935546875,-0.24908447265625,-0.9165496826171875,639279.0702328751,0.095909483730793,0.2094672024250031,0.04758482798933983
1654828987.479975,27,639279.102732875,0.0328521728515625,-0.256103515625,-0.9619903564453125,639279.0702328751,0.095909483730793,0.2094672024250031,0.04758482798933983
1654828987.518389,28,639279.1364828751,0.06439208984375,-0.2633056640625,-1.021286010742188,639279.103982875,0.1405528485774994,0.3461025357246399,0.113202191889286
1654828987.5451,29,639279.170231875,0.0690765380859375,-0.27484130859375,-0.9595794677734375,639279.1377318751,0.2646556198596954,0.658114492893219,0.1090002506971359
1654828987.58008,30,639279.2039818751,0.0615386962890625,-0.2410736083984375,-0.9038848876953125,639279.171481875,0.239599272608757,0.5482636094093323,0.08053798228502274
1654828987.615058,31,639279.237731875,0.117156982421875,-0.278594970703125,-0.9619293212890625,639279.2052318751,0.04955503717064857,0.4014161229133606,0.1452522724866867
1654828987.645047,32,639279.2714808751,0.15557861328125,-0.33087158203125,-0.941314697265625,639279.238981875,0.1015511229634285,0.5769802331924438,0.1525650471448898
1654828987.680138,33,639279.305230875,0.1138458251953125,-0.31005859375,-0.8279266357421875,639279.2727308751,0.1389658749103546,0.5333989262580872,0.07924235612154007
1654828987.718658,34,639279.3389808751,0.08270263671875,-0.21380615234375,-0.81982421875,639279.3402308751,-0.8164868354797363,-1.067696928977966,0.1063618585467339
1654828987.753615,35,639279.372729875,0.0665740966796875,-0.178375244140625,-0.9419403076171875,639279.3402308751,-0.8164868354797363,-1.067696928977966,0.1063618585467339
1654828987.77998,36,639279.4064798751,-0.0705718994140625,-0.1570587158203125,-1.077835083007812,639279.373979875,-1.000912547111511,-1.535480976104736,0.09289798140525818
1654828987.815069,37,639279.440229875,-0.132080078125,-0.1515350341796875,-1.148834228515625,639279.4077298751,-0.8025712966918945,-1.361326932907104,0.1844638586044312
1654828987.850091,38,639279.4739788751,-0.0805816650390625,-0.117645263671875,-1.071685791015625,639279.4752288751,-0.09617473930120468,-0.110217846930027,-0.1360744833946228
1654828987.884977,39,639279.507728875,-0.09222412109375,-0.0984954833984375,-0.971710205078125,639279.4752288751,-0.09617473930120468,-0.110217846930027,-0.1360744833946228
1654828987.918425,40,639279.5414788751,-0.089813232421875,-0.142608642578125,-1.033203125,639279.508978875,-0.1394026279449463,-0.2573772072792053,-0.1017862856388092
1654828987.953637,41,639279.575227875,-0.030487060546875,-0.1446990966796875,-1.0677490234375,639279.5427288751,-0.1269022822380066,-0.2009717226028442,-0.07799706608057022
1654828987.985062,42,639279.6089778751,-0.04931640625,-0.11614990234375,-0.9897613525390625,639279.576477875,0.04971535876393318,-0.02585556544363499,-0.1579139977693558
1654828988.020049,43,639279.642727875,-0.0793609619140625,-0.13104248046875,-1.01568603515625,639279.6102278751,-0.02743828296661377,-0.2808843851089478,-0.1001340597867966
1654828988.049881,44,639279.67648225,-0.1079864501953125,-0.1365814208984375,-1.044937133789062,639279.643977875,-0.1077083572745323,-0.5034934878349304,-0.05387255176901817
1654828988.085046,45,639279.71023125,-0.1280670166015625,-0.129364013671875,-1.015838623046875,639279.6777322501,-0.04724660888314247,-0.4836566746234894,-0.09458296746015549
1654828988.120044,46,639279.7439812501,-0.1181488037109375,-0.1408538818359375,-1.002395629882812,639279.7452312501,0.1220952793955803,-0.1820054948329926,-0.1735688596963882
1654828988.159685,47,639279.77773125,-0.0973968505859375,-0.1677703857421875,-0.97601318359375,639279.7452312501,0.1220952793955803,-0.1820054948329926,-0.1735688596963882
1654828988.185048,48,639279.8114802501,-0.095458984375,-0.182769775390625,-0.9954376220703125,639279.77898125,0.2432699054479599,0.01576378382742405,-0.1782653480768204
1654828988.220219,49,639279.84523025,-0.0676422119140625,-0.1856689453125,-0.9763641357421875,639279.8127302501,0.3189862370491028,0.210179328918457,-0.08798524737358093
1654828988.255328,50,639279.87898025,-0.0786895751953125,-0.2003021240234375,-0.9480133056640625,639279.84648025,0.4071730971336365,0.3521367311477661,-0.01594327948987484
1654828988.290057,51,639279.91272925,-0.0630645751953125,-0.2493438720703125,-0.8627166748046875,639279.8802302501,0.4164651334285736,0.4642720520496368,0.05249516665935516
1654828988.320007,52,639279.9464792501,-0.033782958984375,-0.284210205078125,-0.9057464599609375,639279.91397925,0.4297084808349609,0.6969700455665588,0.03675828129053116
1654828988.359121,53,639279.98022925,0.011077880859375,-0.2559814453125,-0.9297637939453125,639279.9477292501,0.4516079425811768,0.9502254724502563,0.06117786839604378
1654828988.39898,54,639280.01397925,0.040313720703125,-0.2602996826171875,-0.9186859130859375,639279.98147925,0.3782607614994049,0.9453824758529663,0.1103139892220497
1654828988.424998,55,639280.04772825,0.0484619140625,-0.2930145263671875,-0.877197265625,639280.0152292501,0.2099295258522034,0.767578125,0.1260207891464233
1654828988.455038,56,639280.0814782501,0.0834503173828125,-0.3007354736328125,-0.8867340087890625,639280.04897825,0.05411889404058456,0.555152952671051,0.09823628515005112
1654828988.490097,57,639280.11522825,0.130218505859375,-0.2799224853515625,-0.909637451171875,639280.0827282501,-0.1326959878206253,0.3928593993186951,0.06485143303871155
1654828988.525044,58,639280.1489772501,0.064422607421875,-0.2209930419921875,-0.8961181640625,639280.11647825,-0.3164018988609314,0.02231249585747719,0.02423796243965626
1654828988.560168,59,639280.18272725,-0.0621185302734375,-0.14031982421875,-0.9466705322265625,639280.1502272501,-0.628223717212677,-0.6362031102180481,0.1607609242200851
1654828988.59867,60,639280.21647725,-0.1112518310546875,-0.09893798828125,-1.150527954101562,639280.18397725,-0.9543038010597229,-1.233991622924805,0.3026168644428253
1654828988.625109,61,639280.25022625,-0.1251220703125,-0.0824432373046875,-1.165679931640625,639280.2177272501,-0.6764554381370544,-1.050024509429932,0.1428780555725098
1654828988.660023,62,639280.2839762501,-0.11431884765625,-0.124053955078125,-1.078826904296875,639280.25147625,-0.2135293185710907,-0.269242912530899,-0.04968633130192757
1654828988.695044,63,639280.31772625,-0.064727783203125,-0.162139892578125,-0.9988250732421875,639280.2852262501,0.08888193219900131,0.1620187312364578,-0.1738117337226868
1654828988.725015,64,639280.3514752501,-0.0038604736328125,-0.1661834716796875,-0.9413604736328125,639280.31897625,0.094312384724617,0.1320182234048843,-0.2490353882312775
1654828988.760039,65,639280.38522525,-0.00860595703125,-0.12713623046875,-0.92340087890625,639280.3527252501,-0.1054808869957924,-0.326851099729538,-0.2418741434812546
1654828988.800776,66,639280.41897525,-0.0604095458984375,-0.086883544921875,-1.010040283203125,639280.38647525,-0.4132967591285706,-0.8391966819763184,-0.08404004573822021
1654828988.839962,67,639280.45272425,-0.117279052734375,-0.0901336669921875,-1.150497436523438,639280.4202252501,-0.4745113849639893,-1.000174403190613,0.05633863806724548
1654828988.859968,68,639280.4864742501,-0.17864990234375,-0.0924072265625,-1.103851318359375,639280.45397425,-0.121464379131794,-0.5833571553230286,0.01050617080181837
1654828988.895109,69,639280.52022425,-0.178436279296875,-0.1046142578125,-1.039840698242188,639280.4877242501,0.160322293639183,-0.2378940582275391,-0.05150580033659935
1654828988.93007,70,639280.55397425,-0.14288330078125,-0.1479034423828125,-0.986907958984375,639280.52147425,0.28209188580513,-0.01355469133704901,-0.1375560015439987
1654828988.964976,71,639280.58772325,-0.128753662109375,-0.182403564453125,-0.933837890625,639280.5552242501,0.3752258121967316,0.1000419110059738,-0.2400032728910446
1654828988.998175,72,639280.6214732501,-0.115478515625,-0.2227325439453125,-0.9364471435546875,639280.58897325,0.3405855298042297,0.09979796409606934,-0.2300353348255157
1654828989.038053,73,639280.65522325,-0.0791778564453125,-0.2305755615234375,-0.9061737060546875,639280.6227232501,0.271222710609436,0.1008453890681267,-0.1815167963504791
1654828989.065,74,639280.688968625,-0.0537872314453125,-0.188934326171875,-0.8916015625,639280.65647325,0.2045592665672302,0.1915830075740814,-0.1702034175395966
1654828989.099992,75,639280.7227186251,-0.0210113525390625,-0.2392425537109375,-0.9301910400390625,639280.690218625,0.1509490311145782,0.2574645578861237,-0.06911009550094604
1654828989.130906,76,639280.756468625,-0.032501220703125,-0.2639923095703125,-0.9343414306640625,639280.7239686251,0.2034053206443787,0.4348049759864807,0.03347700089216232
1654828989.165096,77,639280.7902176251,-0.0473175048828125,-0.18994140625,-0.9673309326171875,639280.757718625,0.1823911070823669,0.5007933378219604,0.1298280358314514
1654828989.200012,78,639280.823967625,-0.054443359375,-0.1561431884765625,-1.070907592773438,639280.7914676251,0.09768501669168472,0.3782847225666046,0.2342077046632767
1654828989.238328,79,639280.857717625,-0.0552978515625,-0.224609375,-1.088409423828125,639280.825217625,0.2460489124059677,0.5664442181587219,0.2774161696434021
1654828989.264982,80,639280.891467625,-0.019195556640625,-0.2839813232421875,-0.9663238525390625,639280.8589676251,0.5565753579139709,1.096718788146973,0.1979333162307739
1654828989.300056,81,639280.9252166251,0.021270751953125,-0.2669219970703125,-0.8409576416015625,639280.892716625,0.5827782154083252,1.133735656738281,0.07465293258428574
1654828989.33505,82,639280.958966625,0.0484771728515625,-0.26220703125,-0.795623779296875,639280.9264666251,0.2814029157161713,0.7358303666114807,-0.006874683778733015
1654828989.370013,83,639280.992716625,0.051300048828125,-0.26104736328125,-0.82269287109375,639280.960216625,-0.1354164183139801,0.1511176079511642,-0.02577300742268562
1654828989.399943,84,639281.026465625,0.03076171875,-0.2451171875,-0.9247894287109375,639280.9939666251,-0.5229982137680054,-0.4807562232017517,0.0276862233877182
1654828989.438821,85,639281.060215625,-0.019989013671875,-0.1829986572265625,-1.002471923828125,639281.027715625,-0.7548524737358093,-0.9250761866569519,0.08747498691082001
1654828989.47923,86,639281.093965625,-0.0818634033203125,-0.1174774169921875,-1.093917846679688,639281.0614656251,-0.8335502147674561,-1.086472988128662,0.1279055029153824
1654828989.504954,87,639281.1277146251,-0.121734619140625,-0.0780029296875,-1.127670288085938,639281.095215625,-0.7056047916412354,-1.008680820465088,0.1184621974825859
1654828989.535017,88,639281.161464625,-0.1585540771484375,-0.0532073974609375,-1.122283935546875,639281.1289646251,-0.4532657563686371,-0.7523642778396606,0.03453560546040535
1654828989.569996,89,639281.195214625,-0.1622467041015625,-0.09332275390625,-1.101760864257812,639281.162714625,-0.1362443864345551,-0.3577885031700134,-0.03673670813441277
1654828989.605084,90,639281.228963625,-0.129058837890625,-0.1453704833984375,-1.023773193359375,639281.1964646251,0.1710534989833832,0.06338909268379211,-0.1633875966072083
1654828989.639937,91,639281.2627136251,-0.083984375,-0.1676025390625,-0.9628448486328125,639281.230213625,0.2708463966846466,0.1718817502260208,-0.296965092420578
1654828989.679197,92,639281.296463625,-0.04974365234375,-0.1594390869140625,-0.9656219482421875,639281.2639636251,0.167685404419899,-0.0301605649292469,-0.3176184296607971
1654828989.705299,93,639281.3302126251,-0.04522705078125,-0.1580657958984375,-0.98284912109375,639281.297713625,0.05567151680588722,-0.1869901269674301,-0.2506822943687439
1654828989.740259,94,639281.363962625,-0.05108642578125,-0.1837005615234375,-1.03033447265625,639281.3314626251,0.03918948024511337,-0.2512721717357635,-0.1625005006790161
1654828989.774985,95,639281.397712625,-0.06634521484375,-0.198577880859375,-1.029052734375,639281.365212625,0.1376899480819702,-0.1343729943037033,-0.1179095953702927
1654828989.80508,96,639281.431462625,-0.0731201171875,-0.1991119384765625,-0.9685516357421875,639281.3989626251,0.2537617087364197,0.04139111563563347,-0.08620412647724152
1654828989.839921,97,639281.4652116251,-0.0618896484375,-0.1918487548828125,-0.9649505615234375,639281.432712625,0.2526879012584686,0.06934817880392075,-0.06911249458789825
1654828989.879804,98,639281.498961625,-0.06463623046875,-0.1953887939453125,-0.9600677490234375,639281.4664616251,0.2058205455541611,-0.003147057490423322,-0.03989148885011673
1654828989.919563,99,639281.532711625,-0.0833282470703125,-0.2382354736328125,-0.9482269287109375,639281.500211625,0.1740791201591492,-0.03165246918797493,0.01077408436685801
1654828989.939936,100,639281.566460625,-0.1145172119140625,-0.2442626953125,-0.9400177001953125,639281.5339616251,0.1954704225063324,0.09786690771579742,0.0437682531774044
1654828989.975062,101,639281.6002106251,-0.0986328125,-0.2155914306640625,-0.9531707763671875,639281.567710625,0.2725572288036346,0.3585275411605835,0.07740184664726257
1654828990.01021,102,639281.633960625,-0.02166748046875,-0.2538909912109375,-0.972137451171875,639281.6014606251,0.4010345041751862,0.7924550175666809,0.1015146374702454
1654828990.045077,103,639281.6677089167,-0.0075531005859375,-0.296295166015625,-0.9027862548828125,639281.635210625,0.5565916299819946,1.017853736877441,0.06771379709243774
1654828990.07967,104,639281.7014589167,0.012969970703125,-0.273681640625,-0.8913726806640625,639281.6689589167,0.4412010908126831,0.9044342637062073,0.03902196884155273
1654828990.118741,105,639281.7352089167,0.076507568359375,-0.2700347900390625,-0.9493865966796875,639281.7027089167,0.1976374387741089,0.654446542263031,0.08186051249504089
1654828990.144992,106,639281.7689579168,0.0591278076171875,-0.2928314208984375,-0.9463043212890625,639281.7364589167,0.1101526021957397,0.4825780987739563,0.05319797247648239
1654828990.180002,107,639281.8027079167,0.02606201171875,-0.2816009521484375,-0.9126129150390625,639281.7702079167,0.04589372128248215,0.2821603119373322,0.08910777419805527
1654828990.209938,108,639281.8364579167,0.0431060791015625,-0.27947998046875,-0.91717529296875,639281.8039579167,-0.126443162560463,0.04346385225653648,0.1200457140803337
1654828990.245068,109,639281.8702069167,0.0638580322265625,-0.28668212890625,-0.927398681640625,639281.8377079167,-0.2475341707468033,-0.08696552366018295,0.02921833842992783
1654828990.279895,110,639281.9039569166,0.0807037353515625,-0.292572021484375,-0.941009521484375,639281.8714569167,-0.295027107000351,-0.1986172199249268,-0.02280198596417904
1654828990.319044,111,639281.9377069167,0.066375732421875,-0.2628631591796875,-0.9480743408203125,639281.9052069167,-0.4035658538341522,-0.3938772678375244,0.001319329952821136
1654828990.345016,112,639281.9714569167,0.0158538818359375,-0.203094482421875,-0.9436492919921875,639281.9389569167,-0.5627424716949463,-0.727528989315033,0.07618797570466995
1654828990.380026,113,639282.0052059167,-0.0596923828125,-0.1323699951171875,-0.998321533203125,639281.9727059167,-0.764131486415863,-1.107510447502136,0.1618112623691559
1654828990.415044,114,639282.0389559167,-0.1200408935546875,-0.08697509765625,-1.103561401367188,639282.0064559167,-0.8500714302062988,-1.295725345611572,0.2614552974700928
1654828990.449971,115,639282.0727059167,-0.192291259765625,-0.0675811767578125,-1.099624633789062,639282.0402059167,-0.5985729098320007,-1.017940044403076,0.2475810348987579
1654828990.479919,116,639282.1064549166,-0.2287750244140625,-0.0660858154296875,-1.054244995117188,639282.0739559167,-0.3199321925640106,-0.6498749256134033,0.1713616251945496
1654828990.518637,117,639282.1402049167,-0.2327880859375,-0.0883331298828125,-1.050094604492188,639282.1077049167,-0.1621585488319397,-0.4269942045211792,0.06232941895723343
1654828990.553677,118,639282.1739549167,-0.209075927734375,-0.1101226806640625,-1.015579223632812,639282.1414549167,0.01257757749408484,-0.169195681810379,-0.1269078850746155
1654828990.58499,119,639282.2077039167,-0.173370361328125,-0.12237548828125,-1.011520385742188,639282.1752049167,0.1243850663304329,-0.0373670794069767,-0.2595977485179901
1654828990.615187,120,639282.2414539166,-0.1427764892578125,-0.131195068359375,-1.018295288085938,639282.2089539167,0.166977271437645,-0.005448028445243835,-0.2609280049800873
1654828990.65007,121,639282.2752039167,-0.1075897216796875,-0.1524505615234375,-0.98944091796875,639282.2764539167,0.2821139693260193,0.1327093094587326,-0.2372543662786484
1654828990.685044,122,639282.3089529168,-0.08209228515625,-0.1670074462890625,-0.9799041748046875,639282.2764539167,0.2821139693260193,0.1327093094587326,-0.2372543662786484
1654828990.720009,123,639282.3427029167,-0.06689453125,-0.1657257080078125,-1.034759521484375,639282.3102029167,0.271185964345932,0.1382675915956497,-0.1875504553318024
1654828990.753696,124,639282.3764529167,-0.0855712890625,-0.1661224365234375,-0.976104736328125,639282.3439529167,0.3913296759128571,0.3146756589412689,-0.06658488512039185
1654828990.785132,125,639282.4102019167,-0.1141815185546875,-0.220367431640625,-0.919677734375,639282.3777029167,0.464554637670517,0.4244093298912048,0.05762281641364098
1654828990.81999,126,639282.4439519166,-0.1031494140625,-0.2677154541015625,-0.95458984375,639282.4114519167,0.3794746100902557,0.348149448633194,0.04939205199480057
1654828990.855002,127,639282.4777019167,-0.1004791259765625,-0.2746124267578125,-0.944183349609375,639282.4452019167,0.338354617357254,0.3231599628925323,-0.0264545101672411
1654828990.884926,128,639282.5114509168,-0.0755157470703125,-0.3046875,-0.944122314453125,639282.4789519167,0.3722630441188812,0.4623106420040131,-0.02375406585633755
1654828990.920259,129,639282.5452009167,-0.0041656494140625,-0.3288726806640625,-0.8980560302734375,639282.5464509167,0.5296795964241028,1.02807605266571,-0.03360163420438766
1654828990.959454,130,639282.5789509166,0.0467987060546875,-0.311798095703125,-0.8514404296875,639282.5464509167,0.5296795964241028,1.02807605266571,-0.03360163420438766
1654828990.998485,131,639282.6126999167,0.0642242431640625,-0.294647216796875,-0.8636322021484375,639282.5802009167,0.419987678527832,1.018478035926819,-0.01157463062554598
1654828991.01992,132,639282.6464499168,0.06732177734375,-0.3134613037109375,-0.874267578125,639282.6139499167,0.1585371792316437,0.6560742855072021,0.08073346316814423
1654828991.055045,133,639282.6802005417,0.06195068359375,-0.2893218994140625,-0.8829803466796875,639282.6476999167,-0.1311937123537064,0.1864822655916214,0.0785033330321312
1654828991.090082,134,639282.7139495417,0.0631561279296875,-0.2672119140625,-0.9404754638671875,639282.6814505417,-0.418269157409668,-0.2828290462493896,0.04135330021381378
1654828991.124948,135,639282.7476995417,0.032928466796875,-0.2445068359375,-1.025909423828125,639282.7151995416,-0.5889202356338501,-0.6249437928199768,0.07139135897159576
1654828991.159419,136,639282.7814495417,-0.0215911865234375,-0.1826934814453125,-1.106460571289062,639282.7489495417,-0.5522381663322449,-0.6593499183654785,0.1357735395431519
1654828991.197886,137,639282.8151985417,-0.0814971923828125,-0.1512603759765625,-1.052444458007812,639282.7826995417,-0.314929723739624,-0.3709908425807953,0.1700625419616699
1654828991.2252,138,639282.8489485417,-0.0892791748046875,-0.1927947998046875,-1.0408935546875,639282.8164485417,-0.1350960284471512,-0.2255670726299286,0.1212654411792755
1654828991.259911,139,639282.8826985417,-0.062164306640625,-0.2583160400390625,-0.9764556884765625,639282.8501985417,-0.06313742697238922,-0.2215148061513901,-0.0281557384878397
1654828991.289992,140,639282.9164475417,-0.0404815673828125,-0.23297119140625,-0.9050140380859375,639282.8839485417,-0.03154008463025093,-0.1463963538408279,-0.1721730977296829
1654828991.325103,141,639282.9501975417,-0.039520263671875,-0.1853790283203125,-0.92388916015625,639282.9176975416,-0.09991754591464996,-0.1465343087911606,-0.1124138906598091
1654828991.359995,142,639282.9839475417,-0.0573272705078125,-0.1898193359375,-0.9858856201171875,639282.9514475417,-0.223233088850975,-0.3154783248901367,-0.01016635075211525
1654828991.396819,143,639283.0176965417,-0.0789794921875,-0.196441650390625,-1.004913330078125,639283.0189465417,-0.3487193584442139,-0.6025716066360474,-0.05591093748807907
1654828991.424854,144,639283.0514465417,-0.0771636962890625,-0.1851043701171875,-0.9960479736328125,639283.0189465417,-0.3487193584442139,-0.6025716066360474,-0.05591093748807907
1654828991.459805,145,639283.0851965417,-0.1028900146484375,-0.1337738037109375,-1.03271484375,639283.0526965417,-0.3344117999076843,-0.5868035554885864,-0.0931701585650444
1654828991.494771,146,639283.1189455417,-0.119049072265625,-0.102264404296875,-1.09149169921875,639283.0864465417,-0.259156733751297,-0.5014484524726868,-0.04851879924535751
1654828991.530011,147,639283.1526955417,-0.1216278076171875,-0.13763427734375,-1.05853271484375,639283.1201955416,-0.03292838856577873,-0.213857963681221,0.0182876605540514
1654828991.559803,148,639283.1864455417,-0.1352996826171875,-0.161224365234375,-1.020309448242188,639283.1539455417,0.1653207838535309,-0.004265851341187954,-0.01796275563538074
1654828991.598301,149,639283.2201945417,-0.139251708984375,-0.183013916015625,-1.0155029296875,639283.2214445417,0.2733676135540009,0.04666124656796455,-0.07118203490972519
1654828991.638203,150,639283.2539445417,-0.1187591552734375,-0.206268310546875,-0.94683837890625,639283.2214445417,0.2733676135540009,0.04666124656796455,-0.07118203490972519
1654828991.664973,151,639283.2876945417,-0.1165771484375,-0.237152099609375,-0.90655517578125,639283.2551945416,0.2748129367828369,0.05125067010521889,-0.1222603991627693
1654828991.694953,152,639283.3214445417,-0.0950927734375,-0.2428131103515625,-0.9385223388671875,639283.2889445417,0.1859269887208939,0.02434235811233521,-0.1036851182579994
1654828991.730011,153,639283.3551935417,-0.082611083984375,-0.2386474609375,-0.9382171630859375,639283.3226935418,0.1454397588968277,0.06703682243824005,-0.05991180241107941
1654828991.764982,154,639283.3889435417,-0.113494873046875,-0.238189697265625,-0.903076171875,639283.3564435417,0.1362901926040649,0.05900765955448151,-0.01300048734992743
1654828991.800227,155,639283.4226925417,-0.1199951171875,-0.2396697998046875,-0.962677001953125,639283.4239425417,0.1996928751468658,0.5342798829078674,0.06119784340262413
1654828991.838544,156,639283.4564425417,-0.072662353515625,-0.25390625,-0.9787750244140625,639283.4239425417,0.1996928751468658,0.5342798829078674,0.06119784340262413
1654828991.865064,157,639283.4901925417,-0.04913330078125,-0.2623138427734375,-0.9480743408203125,639283.4576925416,0.4071419239044189,0.8780074715614319,0.03320375829935074
1654828991.899967,158,639283.5239415417,-0.02203369140625,-0.252960205078125,-0.9193878173828125,639283.4914425417,0.3383447527885437,0.7822942137718201,0.01799817569553852
1654828991.934999,159,639283.5576915417,0.0131378173828125,-0.2734222412109375,-0.961700439453125,639283.5251915418,0.1859424412250519,0.6053397059440613,0.03060717694461346
1654828991.964996,160,639283.5914415417,0.020355224609375,-0.2646484375,-0.9629364013671875,639283.5589415417,0.1474483162164688,0.5903722047805786,0.0376025028526783
1654828991.999988,161,639283.6251905417,0.030059814453125,-0.2881622314453125,-0.9395599365234375,639283.6264405417,0.07672646641731262,0.4417792856693268,0.04483405128121376
1654828992.038029,162,639283.6589405417,0.036895751953125,-0.31695556640625,-0.9019775390625,639283.6264405417,0.07672646641731262,0.4417792856693268,0.04483405128121376
1654828992.079113,163,639283.6926901251,0.051605224609375,-0.2409210205078125,-0.8823699951171875,639283.6601905418,-0.1063884943723679,0.1898074895143509,-0.03376275673508644
1654828992.099943,164,639283.726439125,0.009857177734375,-0.200347900390625,-0.8878326416015625,639283.6939401251,-0.3922758996486664,-0.2883236706256866,-0.02644439041614532
1654828992.135175,165,639283.7601891251,-0.03369140625,-0.20263671875,-1.025344848632812,639283.7614391251,-0.7438541650772095,-0.9318445920944214,0.1564149111509323
1654828992.16998,166,639283.793939125,-0.06268310546875,-0.1685333251953125,-1.177841186523438,639283.7614391251,-0.7438541650772095,-0.9318445920944214,0.1564149111509323
1654828992.204955,167,639283.8276881251,-0.0923004150390625,-0.1388092041015625,-1.071075439453125,639283.795189125,-0.3139384984970093,-0.3719312250614166,0.08014756441116333
1654828992.238176,168,639283.861438125,-0.0622100830078125,-0.1717681884765625,-0.96881103515625,639283.8289381251,-0.03914979845285416,0.02548298984766006,-0.009985788725316525
1654828992.279075,169,639283.8951881251,-0.0106353759765625,-0.1961517333984375,-0.9598846435546875,639283.862688125,-0.06462825834751129,-0.06532680988311768,-0.154437243938446
1654828992.305014,170,639283.928937125,-0.0062713623046875,-0.1751861572265625,-0.9833526611328125,639283.8964381251,-0.1503040194511414,-0.252769410610199,-0.1785923838615417
1654828992.33999,171,639283.9626871251,-0.0702972412109375,-0.150146484375,-0.9718780517578125,639283.9639371251,-0.3315089643001556,-0.5860450863838196,0.09084122627973557
1654828992.369974,172,639283.996437125,-0.116302490234375,-0.135650634765625,-1.041732788085938,639283.9639371251,-0.3315089643001556,-0.5860450863838196,0.09084122627973557
1654828992.405095,173,639284.0301861251,-0.1402435302734375,-0.1255340576171875,-1.073959350585938,639284.031436125,-0.03880039229989052,-0.2416799962520599,-0.06981849670410156
1654828992.439927,174,639284.063936125,-0.1369171142578125,-0.1371307373046875,-1.053054809570312,639284.031436125,-0.03880039229989052,-0.2416799962520599,-0.06981849670410156
1654828992.478866,175,639284.0976861251,-0.1128997802734375,-0.1490631103515625,-1.02691650390625,639284.065186125,0.09054108709096909,-0.1218670532107353,-0.1694263070821762
1654828992.504897,176,639284.131435125,-0.0774993896484375,-0.1681365966796875,-1.003311157226562,639284.0989361251,0.1561901420354843,-0.05020777508616447,-0.1981373131275177
1654828992.539989,177,639284.1651851251,-0.06500244140625,-0.1929473876953125,-0.9534912109375,639284.132685125,0.2257055640220642,0.03690475597977638,-0.1752399951219559
1654828992.574955,178,639284.198935125,-0.067779541015625,-0.23382568359375,-0.920166015625,639284.1664351251,0.2066314667463303,-0.01624821126461029,-0.1329508572816849
1654828992.609978,179,639284.2326841251,-0.0677947998046875,-0.2485809326171875,-0.8866119384765625,639284.200185125,0.08538413792848587,-0.1925915479660034,-0.1124855354428291
1654828992.639856,180,639284.266434125,-0.07940673828125,-0.209686279296875,-0.8802947998046875,639284.233934125,-0.09051419049501419,-0.3147600591182709,-0.09124469012022018
1654828992.677306,181,639284.3001841251,-0.1265869140625,-0.1580047607421875,-0.9759368896484375,639284.267684125,-0.251716136932373,-0.3783587515354156,0.03300828486680984
1654828992.718595,182,639284.333933125,-0.146514892578125,-0.1685791015625,-1.090927124023438,639284.3014341251,-0.163947656750679,-0.1559086441993713,0.1930869072675705
1654828992.7449,183,639284.3676831251,-0.1454925537109375,-0.1828155517578125,-1.003143310546875,639284.335183125,0.278918445110321,0.6241285800933838,0.2079971432685852
1654828992.774996,184,639284.401433125,-0.1455841064453125,-0.158477783203125,-0.9505462646484375,639284.368933125,0.4908112585544586,0.9330693483352661,0.1111600771546364
1654828992.809994,185,639284.4351821251,-0.10711669921875,-0.1950836181640625,-1.0335693359375,639284.402683125,0.3632967174053192,0.8067767024040222,0.0699138343334198
1654828992.844968,186,639284.468932125,-0.027313232421875,-0.24798583984375,-1.0272216796875,639284.436432125,0.4256080389022827,0.899522602558136,0.01897262595593929
1654828992.879989,187,639284.5026821251,0.0478515625,-0.254791259765625,-0.9321136474609375,639284.470182125,0.564568817615509,1.081143498420715,-0.0816676989197731
1654828992.917594,188,639284.536431125,0.0655670166015625,-0.2519989013671875,-0.8515472412109375,639284.5039321251,0.4436789155006409,0.8419804573059082,-0.1477226167917252
1654828992.945056,189,639284.5701811251,0.073822021484375,-0.268585205078125,-0.874725341796875,639284.537681125,0.1458187252283096,0.3860203921794891,-0.06770927459001541
1654828992.979946,190,639284.603930125,0.067291259765625,-0.2696075439453125,-0.92041015625,639284.571431125,-0.1865821331739426,-0.1110567450523376,0.05758979171514511
1654828993.01494,191,639284.6376801251,0.0330352783203125,-0.2393798828125,-0.9508514404296875,639284.605180125,-0.3695117235183716,-0.4238205254077911,0.04073491320014
1654828993.04489,192,639284.671433125,-0.031219482421875,-0.212188720703125,-0.9659881591796875,639284.638930125,-0.4497088491916656,-0.5907072424888611,0.04235890880227089
1654828993.079894,193,639284.7051821251,-0.0554656982421875,-0.1778717041015625,-1.072738647460938,639284.672683125,-0.4651884734630585,-0.5533140301704407,0.1156578883528709
1654828993.118564,194,639284.738932125,-0.050201416015625,-0.163421630859375,-1.0301513671875,639284.7064321251,-0.2546530663967133,-0.2238288372755051,0.08027726411819458
1654828993.153424,195,639284.772682125,-0.056549072265625,-0.1720428466796875,-0.920745849609375,639284.740182125,-0.08800175786018372,-0.03274169936776161,-0.03959641233086586
1654828993.179882,196,639284.806431125,-0.0823822021484375,-0.1601715087890625,-1.00628662109375,639284.7739321251,-0.2230141758918762,-0.2769674062728882,-0.08880790323019028
1654828993.215014,197,639284.8401811251,-0.0558624267578125,-0.1632232666015625,-1.0863037109375,639284.807681125,-0.2638545334339142,-0.3047937154769897,-0.03840624541044235
1654828993.249928,198,639284.873931125,-0.0259552001953125,-0.1615142822265625,-1.03643798828125,639284.8414311251,-0.01503247860819101,0.07769080251455307,-0.08911842107772827
1654828993.28495,199,639284.9076801251,0.0169525146484375,-0.1611328125,-1.02667236328125,639284.875181125,0.05891524627804756,0.04139724001288414,-0.1746477037668228
1654828993.318565,200,639284.941430125,0.0114593505859375,-0.168121337890625,-1.025833129882812,639284.9089301251,-0.009973538108170033,-0.2175019681453705,-0.1909467875957489
1654828993.353501,201,639284.9751801251,-0.0325927734375,-0.184417724609375,-1.031204223632812,639284.942680125,-0.01693610660731792,-0.3565250933170319,-0.1015993282198906
1654828993.385016,202,639285.008929125,-0.069122314453125,-0.205291748046875,-0.9697113037109375,639284.9764301251,0.04061746597290039,-0.3104920983314514,-0.008852081373333931
1654828993.419972,203,639285.0426791251,-0.079620361328125,-0.1989898681640625,-0.930877685546875,639285.010179125,0.06391240656375885,-0.2538991272449493,-0.05531811714172363
1654828993.45012,204,639285.076429125,-0.0666351318359375,-0.20086669921875,-0.948577880859375,639285.0439291251,0.01020629890263081,-0.2478292435407639,-0.1123204156756401
1654828993.485026,205,639285.1101781251,-0.0582275390625,-0.200042724609375,-0.971160888671875,639285.077679125,-0.003629355924203992,-0.2081601321697235,-0.1320307403802872
1654828993.519869,206,639285.143928125,-0.0589752197265625,-0.2113037109375,-0.9719390869140625,639285.1114281251,-0.001297492068260908,-0.1780533492565155,-0.09668632596731186
1654828993.559784,207,639285.1776781251,-0.063995361328125,-0.1987152099609375,-0.9982757568359375,639285.145178125,-0.01292512007057667,-0.1351746022701263,-0.0387018546462059
1654828993.584969,208,639285.211427125,-0.058441162109375,-0.1978302001953125,-0.9789886474609375,639285.1789281251,0.004062652122229338,-0.09576886892318726,0.01039218716323376
1654828993.619945,209,639285.2451771251,-0.0788421630859375,-0.1920623779296875,-0.99627685546875,639285.212677125,0.1155524253845215,0.1642275601625443,0.0337611585855484
1654828993.654959,210,639285.278927125,-0.0771942138671875,-0.2086029052734375,-1.021743774414062,639285.2464271251,0.3339904844760895,0.5962972044944763,0.1349466294050217
1654828993.68988,211,639285.3126761251,-0.03533935546875,-0.23663330078125,-0.987762451171875,639285.280177125,0.5080317854881287,0.9605193734169006,0.1694137901067734
1654828993.719728,212,639285.346426125,0.020111083984375,-0.2602081298828125,-0.956268310546875,639285.3139261251,0.5507054924964905,1.067437887191772,0.09245536476373672
1654828993.760919,213,639285.3801751251,0.0748443603515625,-0.286163330078125,-0.9213104248046875,639285.347676125,0.4967746138572693,1.043741345405579,0.02959943749010563
1654828993.798998,214,639285.413925125,0.0917205810546875,-0.276092529296875,-0.889862060546875,639285.3814251251,0.3805569410324097,0.8447704315185547,0.01500185299664736
1654828993.824956,215,639285.4476751251,0.1027374267578125,-0.28314208984375,-0.8797607421875,639285.415175125,0.1259353011846542,0.4614235460758209,0.09835799783468246
1654828993.855002,216,639285.481424125,0.08056640625,-0.2753448486328125,-0.870635986328125,639285.4489251251,-0.1282312124967575,0.04287130013108253,0.1013204976916313
